facies,mean_r_no3,std_r_no3,min_r_no3,max_r_no3,facies_code
C1,1.5033584538086998e-8,1.3904858055980204e-8,1.801791397577507e-9,2.9525699444068103e-8,1
T1,1.3221915494206247e-8,9.434900146676116e-9,4.4790883292583245e-9,2.525878808092763e-8,2
T2,1.316950818013289e-8,7.494545275505749e-9,6.243572142325289e-9,2.271474080883467e-8,3
T4,2.4005530515976587e-8,9.421318378310697e-9,1.0949041919937304e-8,3.410162997883442e-8,4
T6,2.798475342537837e-8,2.655150804847665e-8,4.16411381597013e-9,5.661079714791922e-8,5
T7,4.521727900001218e-8,1.1595149637790656e-8,2.9706757301792996e-8,6.353277836694085e-8,6
T8,5.942563054588738e-8,2.31196335139239e-8,3.661454922780867e-8,8.284193224006325e-8,7
T9,1.0991404959937776e-7,7.6894451976635e-8,5.911912389813712e-8,2.6389575781184375e-7,8
