facies,mean_r_no3,std_r_no3,min_r_no3,max_r_no3,facies_code
C1,6.5225207843255815e-6,5.7325634559102335e-6,8.822602368842618e-7,1.2343130935294244e-5,1
T1,4.967252888583588e-6,4.643897871747594e-6,2.203656821943174e-6,1.3149771654935687e-5,2
T2,5.623303100619497e-6,3.4540471076336943e-6,2.4886303967455698e-6,1.133839759991945e-5,3
T4,1.126654481641632e-5,6.116351236388474e-6,3.162511800490084e-6,1.8669538320958726e-5,4
T9,5.113682002986679e-5,4.080642221363269e-5,2.5167584523751048e-5,0.00013358347263541426,8
T8,2.0729908406719432e-5,4.801472921121609e-6,1.639043936394391e-5,2.5888103825016964e-5,7
T6,7.1648753819068345e-6,5.502937930651558e-6,2.0207797916797912e-6,1.2967408633969306e-5,5
T7,1.9693247853296758e-5,4.82008957388046e-6,1.3388734311826666e-5,2.837627366050248e-5,6
