facies,mean_r_no3,std_r_no3,min_r_no3,max_r_no3,facies_code
C1,1.5033584538086996e-5,1.3904858055980202e-5,1.801791397577507e-6,2.9525699444068097e-5,1
T1,1.3221915494206248e-5,9.434900146676115e-6,4.479088329258324e-6,2.525878808092763e-5,2
T2,1.3169508180132891e-5,7.494545275505747e-6,6.243572142325288e-6,2.2714740808834672e-5,3
T4,2.4005530515976582e-5,9.421318378310696e-6,1.0949041919937302e-5,3.4101629978834416e-5,4
T6,2.798475342537837e-5,2.655150804847665e-5,4.164113815970131e-6,5.6610797147919215e-5,5
T7,4.5217279000012185e-5,1.1595149637790655e-5,2.9706757301792998e-5,6.353277836694085e-5,6
T8,5.942563054588738e-5,2.3119633513923907e-5,3.661454922780867e-5,8.284193224006326e-5,7
T9,0.00010991404959937778,7.689445197663499e-5,5.9119123898137126e-5,0.00026389575781184376,8
