exp,facies,mean_r_no3,std_r_no3,min_r_no3,max_r_no3,facies_code
"['A', 'A', 'A', 'A', 'A', 'A', 'A', 'A']","String3[""C1"", ""T1"", ""T2"", ""T4"", ""T9"", ""T8"", ""T6"", ""T7""]","[9.342651058046242e-6, 6.6255633272900505e-6, 6.740174589393731e-6, 9.310120363192746e-6, 3.379973928915034e-5, 2.0729908406719432e-5, 7.1648753819068345e-6, 1.7379143718681728e-5]","[4.2433193360316845e-6, 5.7221369449874354e-6, 4.435057444911705e-6, 6.363945692449281e-6, 7.970876175599279e-6, 4.801472921121609e-6, 5.502937930651558e-6, 3.0797301227498284e-6]","[6.342171180798239e-6, 2.45853900660275e-6, 2.4886303967455698e-6, 3.162511800490084e-6, 2.5167584523751048e-5, 1.639043936394391e-5, 2.0207797916797912e-6, 1.3388734311826666e-5]","[1.2343130935294244e-5, 1.3149771654935687e-5, 1.133839759991945e-5, 1.587032486486911e-5, 4.0881552575073924e-5, 2.5888103825016964e-5, 1.2967408633969306e-5, 2.0476346060237024e-5]","Union{Missing, Int64}[1, 2, 3, 4, 8, 7, 5, 6]"
"['B', 'B', 'B', 'B', 'B', 'B']","String3[""C1"", ""T2"", ""T9"", ""T1"", ""T7"", ""T4""]","[8.822602368842618e-7, 4.953180207354955e-6, 6.847390077058327e-5, 2.4797872305238933e-6, 2.2778720032783466e-5, 1.4201181496251681e-5]","[NaN, 3.0897447971166983e-6, 5.654778741786488e-5, 3.9050736879847716e-7, 5.521079632641601e-6, 6.31921082302308e-6]","[8.822602368842618e-7, 2.8913906396877747e-6, 3.165179711624418e-5, 2.203656821943174e-6, 1.7337432036624592e-5, 9.732824671544638e-6]","[8.822602368842618e-7, 1.0405062967834725e-5, 0.00013358347263541426, 2.7559176391046123e-6, 2.837627366050248e-5, 1.8669538320958726e-5]","Union{Missing, Int64}[1, 3, 8, 2, 6, 4]"
