sample,r_no3,r_n2o,r_g
A301,6.022972878071319e-6,1.0e-9,0.09999999999744004
A302,7.878050764304428e-6,1.0e-9,0.10000000000824852
A303,4.201616274169943e-6,1.0e-9,0.09999999999453692
A306,4.3566455981818795e-6,1.0e-9,0.10000000000086778
A907,2.763808152822696e-6,1.0e-9,0.10000000000646189
