sample,r_no3,r_n2o,r_g
A301,5.658321213740912e-6,9.664834934176191e-5,9.966374808740745e-5
A302,9.04700019282841e-6,4.650769735050725e-5,9.973547623687747e-5
A303,5.86022874004609e-6,4.609315869442722e-5,0.00010004983601862635
A306,4.142548345213913e-6,4.714707942214806e-5,9.984935428673332e-5
A907,8.057424074589798e-7,1.7763041300570396e-6,9.02158636228278e-5
