sample,r_no3
A301,0.00602292010901725
A302,0.007875500084106824
A303,0.004198855708465432
A306,0.004355684643407477
A907,0.0027631450419239095
